percent_change_1h,percent_change_24h,percent_change_7d,percent_change_30d,price,volume_24h,market_cap,total_supply,circulating_supply,post_active,interactions,contributors_active,contributors_created,pump
-0.427228485174,-2.633109794831,9.05698094937,51.390544683073,12.954579232739473,39225842.53,847931425.6968875,65454185,65454185,,,5,5,0
0.475901815784,17.537129651216,24.926581164262,71.510711143674,15.22644058855451,56121489.15,996634259.1747558,65454185,65454185,,,5,5,0
-0.668005202029,-1.018313101785,6.086903808907,69.103697507073,15.071387749105767,80996185.8,986485401.9367025,65454185,65454185,,,5,5,0
-1.575872642536,8.146819959089,8.61129601966,84.783363221192,16.299226574361676,71527605.42,1066852591.5551853,65454185,65454185,,,5,5,0
-2.484442361956,40.777039586384,69.644122011385,162.956660327373,22.945568646863624,480419849.79,1501883495.1420114,65454185,65454185,5,685,5,5,0
-1.722217723481,26.623751025341,118.077894387354,230.205316499126,29.05453971475341,481659522.59,1901741217.5793169,65454185,65454185,5,1179,5,5,0
-1.366392890012,-2.099302199627,113.790190734092,233.219357507815,28.44459712343002,193851830.48,1861817922.3674564,65454185,65454185,5,854,5,5,0
-1.09694570182,-9.031272930291,99.741631576092,209.461949958601,25.87568792329138,127451391.87,1693672064.3333797,65454185,65454185,5,625,5,5,0
-0.640005810982,18.104733295239,100.706212541121,263.802642836689,30.560412210111693,243198678.81,2000306874.4769096,65454185,65454185,5,672,5,5,0
-2.152276869968,-4.878472697669,92.878926135193,239.674849826768,29.06953084414629,129164275.92,1902722449.7359574,65454185,65454185,5,926,5,5,0
-2.482897989705,-1.968036353879,74.839166626822,235.531414691789,28.497431909231512,133044482.07,1865276180.2117426,65454185,65454185,5,1240,5,5,0
0.596991986198,15.739698216749,43.743840908368,288.293761390877,32.982841691267964,263143161.88,2158865021.8859663,65454185,65454185,5,925,5,5,0
-1.681352596712,11.975982080372,27.11562896678,341.932460018421,36.93286090181158,277205253.31,2417410310.046442,65454185,65454185,5,831,5,5,0
-2.541598577862,0.701928784657,30.752786274633,363.936619794736,37.19210328347887,147976670.1,2434378808.8559337,65454185,65454185,5,669,5,5,0
1.289441564865,16.243373199312,67.080989493511,409.333804487313,43.23335542048807,283684741.68,2829804043.8633785,65454185,65454185,,,5,5,0
-0.954884957695,-6.169119498453,32.741135108069,367.767693991013,40.56623806140719,148464770.65,2655230050.8253875,65454185,65454185,5,8,5,5,0
-0.400807913429,-0.670052463369,38.613943238422,365.500216888244,40.29442298398061,122103846.22,2637438616.461719,65454185,65454185,5,11,5,10,0
-1.971716706764,-4.108670270548,35.587157920824,344.406921786723,38.63885800614913,96227187.89,2529074960.123216,65454185,65454185,5,6,5,5,0
-2.141049377045,1.168935465705,18.517748369981,353.478035090262,39.09052132092624,113932244.1,2558638214.2863507,65454185,65454185,,,5,5,0
-0.479971132056,-6.416418597485,-0.949157612531,289.921724070661,36.582309841036505,91940471.82,2394465276.062524,65454185,65454185,,,5,5,0
1.524039653304,-3.711576638339,-5.290300183537,263.166739379559,35.22452937521189,165300829.15,2305592862.2630534,65454185,65454185,5,51,5,10,0
-1.259269711035,-5.397237065478,-22.92206400468,218.780203631345,33.32337801963281,89767289.27,2181154549.7219796,65454185,65454185,,,5,5,0
5.32064607816,15.19602181961,-5.371541338344,226.274255363157,38.387205814527476,165329726.48,2512603271.017157,65454185,65454185,5,41,5,5,0
-1.08953308968,-9.386197988758,-13.675133930438,192.826929441792,34.78410667442407,133616676.01,2276765353.327488,65454185,65454185,5,62,5,5,0
-0.161248153284,-9.200044992609,-18.258574813279,159.133135629589,31.583953210099807,123469161.64,2067301916.4452167,65454185,65454185,5,51,5,5,0
-1.769385287426,8.47154922876,-12.358284829673,141.151996493164,34.25960335468207,120317234.47,2242434416.0039806,65454185,65454185,5,47,5,5,0
0.294066399044,0.708109439834,-5.686111702593,129.908364943172,34.50219884008637,90342900.97,2258313305.785799,65454185,65454185,5,56,5,5,0
-3.400916935258,0.985644641812,-1.085213820401,157.600325368628,34.842267914260894,92631336.09,2280572249.8795967,65454185,65454185,5,42,5,5,0
-0.715851359747,8.267739587068,13.202616701751,183.141240925624,37.72293589164049,90932463.78,2469124024.5945764,65454185,65454185,5,32,5,5,0
-0.784805245388,-4.222854134808,-5.880226062466,171.553474753023,36.12995133356935,44974411.99,2364856518.628445,65454185,65454185,5,46,5,5,0
2.148186235088,13.238241895807,17.619584343176,215.818221131779,40.9129216879447,90305747.01,2677921945.053245,65454185,65454185,5,67,5,5,0
-1.376741493416,0.466178661267,30.140925441249,169.949163492956,41.10364899855488,170077649.96,2690405845.7264757,65454185,65454185,5,61,5,5,0
0.024568646933,2.176905576264,22.588799966106,178.663367466904,41.99843662565251,123478435.57,2748973440.606235,65454185,65454185,,,5,5,0
0.732706233401,0.990223390465,22.932208365428,160.222868706336,42.41431496874934,146918458.05,2776194418.612788,65454185,65454185,5,11,5,5,0
-0.610256025822,-3.02603656907,18.048694156443,79.253968033154,41.13084228727437,73983152.25,2692185760.2770796,65454185,65454185,5,15,5,5,0
-0.401817976039,-5.950898357122,2.545538291209,33.139908768501,38.683187669330486,71911744.16,2531976522.0980763,65454185,65454185,5,9,5,5,0
1.978753787763,0.682055773247,7.797069042599,36.922412418435,38.947028584105254,41679519.57,2549246014.1443133,65454185,65454185,5,9,5,5,0
0.164547864471,-5.142267631415,-9.70024477447,42.775984350052,36.94426813982671,62343285.54,2418156961.5138235,65454185,65454185,5,8,5,5,0
1.389850705715,-7.264667971825,-16.648787736456,12.107092958359,34.26038972484747,83745929.76,2242485887.2222652,65454185,65454185,5,9,5,5,0
1.518005736062,1.02191096566,-17.59097912901,19.061090424489,34.61050040432363,53768930.21,2265402096.4071736,65454185,65454185,5,14,5,5,0
-0.655183097323,-0.389426463475,-18.716787051708,20.978332596489,34.475717956608,49289535.18,2256580021.1396422,65454185,65454185,5,8,5,5,0
1.381104097631,-7.441068867173,-22.417450588224,-3.251647205849,31.910356041004356,56178415.74,2088666347.7237666,65454185,65454185,5,8,5,5,0
-0.050445649023,1.598201652979,-16.190081965692,-12.218151837966,32.42034787872332,34294359.04,2122047447.8183136,65454185,65454185,5,10,5,5,0
-0.968642292276,4.772607746538,-12.785018144104,-8.669741923075,33.967643913037925,29781456.95,2223324448.698108,65454185,65454185,,,5,5,0
-0.164265601769,1.350880811942,-6.815026984347,-20.370496432453,34.42650629692786,48712529.16,2253358912.0627813,65454185,65454185,,,5,5,0
-0.439897764147,-4.855904634709,-4.394584401556,-19.256037662392,32.754787982087116,44955311.64,2143937952.2153068,65454185,65454185,5,1195,5,5,0
0.737664810586,-8.145346571111,-13.070320767292,-25.332602493713,30.08679698231362,49546038.72,1969306775.7377973,65454185,65454185,10,982,5,10,0
-2.681100792228,1.687921218734,-11.257429211126,-20.818988988374,30.594638412615485,52940081.39,2002547122.6674402,65454185,65454185,10,1648,5,15,0
-1.61171960675,-6.649839522305,-10.498823582389,-26.93844162048,28.560144055747188,52785918.14,1869380952.6515267,65454185,65454185,10,1566,5,15,0
-1.4559612612,-1.539403334272,-13.262842363469,-23.130911175172,28.120488245879997,184347711.33,1840603639.9361548,65454185,65454185,10,1865,5,10,0
-3.00282082592,-10.350344154003,-25.782544708763,-28.430779965549,25.20992093464537,226433781.96,1650094828.691651,65454185,65454185,5,1712,5,10,0
-1.215041066175,12.82499708957,-17.380252542981,-14.645230312368,28.44309256079659,121120012.24,1861719442.4465036,65454185,65454185,5,1159,5,5,0
-1.990579910033,-14.76953023624,-25.98889231655,-36.848278246567,24.242181404908074,102462396,1586752226.480413,65454185,65454185,5,1089,5,5,0
-1.627911802252,-2.737050671762,-21.631203780928,-32.214270049798,23.578660615915194,66814618.82,1543322014.006327,65454185,65454185,5,1369,5,5,0
3.270105466294,5.780000884832,-18.477521872387,-21.031077895053,24.941507408146617,65077297.79,1632526040.0716991,65454185,65454185,,,5,5,0
0.290116463793,9.718413575244,-4.183164494705,-20.123341865163,27.365426249970536,85345560.93,1791181672.3694277,65454185,65454185,,,5,5,0
1.656536900413,11.667116530727,8.668747684927,-11.431203091379,30.55818241968483,96227524.52,2000160925.3617985,65454185,65454185,,,5,5,0
-0.283535656394,6.121997520842,28.635681460095,-6.926398506456,32.42895358983216,99957683.59,2122610727.6252885,65454185,65454185,,,5,5,0
0.593065941781,2.941788283439,17.367493269672,-11.504913501769,33.38294474697962,91415766.55,2185053441.313582,65454185,65454185,,,5,5,0
2.713166131303,4.635707167331,44.089674628907,-3.319879988804,34.93048030928138,101926011.67,2286346120.3025603,65454185,65454185,,,5,5,0
1.212768230517,-3.233222001929,43.354624272962,-17.382824447608,33.80110033454211,73161312.72,2212423474.5006814,65454185,65454185,,,5,5,0
0.06551775332,-3.426832934875,30.877386686202,-20.584196558618,32.642793095927885,94203019.57,2136607418.2175865,65454185,65454185,5,645,5,5,0
2.980423813568,1.814211544548,21.448875355168,-20.866096247884,33.235002416737274,142615301.38,2175369996.6605687,65454185,65454185,5,719,5,5,0
-0.046222715979,-3.496549749682,4.956910010026,-24.381841256757,32.07292402292807,96996503.87,2099307102.4876783,65454185,65454185,5,848,5,5,0
0.103026441267,12.552329155779,11.316644603319,-12.234175113556,36.09882301616876,121483437.52,2362819039.982568,65454185,65454185,5,772,5,5,0
-0.528141826331,-4.125725584301,3.674151281968,-10.530939344487,34.60948463935928,141214369.2,2265335610.3392806,65454185,65454185,5,847,5,5,0
-0.625703734307,-4.89438459893,-5.768363154584,-15.486329637905,32.915563353401524,91288146.37,2154461373.112764,65454185,65454185,5,462,5,5,0
-0.830143963199,-18.899120150454,-21.023838801593,-27.743022581991,26.694811487043392,206252917.12,1747287129.6130633,65454185,65454185,5,750,5,5,0
0.2795564307,19.100894869278,-2.600983710853,-7.199656454355,31.793759364735426,166182933.72,2081034607.3048751,65454185,65454185,5,798,5,10,0
-2.191115248521,15.251225945832,10.253331661176,5.871619924767,36.64269744212529,207880045.55,2398417897.2758956,65454185,65454185,5,638,5,10,0
0.160323110163,-6.704470073528,6.588344528693,-0.84035725953,34.18599875798442,128758655.03,2237616687.1148825,65454185,65454185,5,40,5,10,0
5.513128109378,16.279728195968,10.118234101584,24.572055497536,39.75138643686115,176781846.34,2601894601.8448005,65454185,65454185,5,33,5,5,0
4.103997047436,0.550411799341,15.489101252769,23.287334570653,39.97018275821108,219694907.44,2616215736.7397585,65454185,65454185,5,42,5,5,0
-1.157812743739,-0.997467570598,20.221223991902,16.497609456216,39.571493147289154,160747149.24,2590119833.1888967,65454185,65454185,5,36,5,10,0
-1.375847457977,-5.78734726021,39.657676327477,8.292584502343,37.2813534228052,122821357.83,2440220603.986675,65454185,65454185,5,42,5,10,0
2.347263697908,4.83024443045,22.923915576512,19.317316117204,39.08213392010679,138055891.91,2558089223.801445,65454185,65454185,5,38,5,5,0
-0.561532440489,13.49568338377,21.051500216772,47.428571408449,44.35653497358533,208379341.69,2903320846.1200247,65454185,65454185,5,24,5,5,0
0.111426263573,-9.601018393378,17.293211691647,31.061708758657,40.09785589210645,182616977.64,2624572477.6652756,65454185,65454185,5,30,5,5,0
-1.219831804198,3.38783609214,4.288955033154,45.154399239982,41.456305526193326,100073951.32,2713488691.3279805,65454185,65454185,5,38,5,5,0
2.340842775486,-1.491935756848,2.170671391765,45.224377768629,40.837804080579744,166261236.39,2673005183.2840214,65454185,65454185,,,5,5,0
-0.431181130154,-6.81695193015,-3.83503987217,50.948155314447,38.05391060707769,119692972.52,2490787704.8491254,65454185,65454185,,,5,5,0
-0.977777239882,14.910663148731,17.291881914001,53.738560387379,43.72800103261823,143190442.19,2862180669.2691846,65454185,65454185,,,5,5,0
1.211397191511,0.938469022348,12.937473850918,82.072619782744,44.13837477640143,172836536.08,2889041348.2139125,65454185,65454185,,,5,5,0
1.513149428681,10.487632346254,9.944217409235,106.828734002155,48.76744524656214,189774528.47,3192033383.1458488,65454185,65454185,5,,,,0
-0.490007598114,-2.51139494921,18.566693984105,90.616795175148,47.542702089781145,101073021.19,3111868817.9844217,65454185,65454185,5,13,5,5,0
1.221596124139,-1.155796242947,13.355989465922,71.724733596221,46.99320532523212,57981687.26,3075901955.100728,65454185,65454185,5,7,5,5,0
-1.229227576839,-0.291434998197,14.73743932383,53.334547305916,46.85625067813985,125838784.58,3066937700.293341,65454185,65454185,5,8,5,5,0
0.220622410422,-5.5206230623,16.333625088297,36.512248458593,44.26949369707336,220415963.6,2897623630.3045735,65454185,65454185,5,13,5,5,0
-2.468436111052,-0.805669234179,0.422674188726,31.54270343452,43.91282800622909,122950708.45,2874278368.1929,65454185,65454185,5,14,5,5,0
-2.088950214996,-5.589112159873,-6.071551101708,18.688579227389,41.45849079638882,138986247.95,2713631726.4076314,65454185,65454185,5,15,5,5,0
-0.723674556104,-3.002225314862,-17.539634714872,18.971906513482,40.213813490539735,97626721.5,2632162387.7652836,65454185,65454185,5,9,5,5,0
-0.764738306691,-0.220833981277,-15.602172444023,22.92149022686,40.12500772518513,49606956.05,2626349678.7706966,65454185,65454185,5,10,5,5,0
0.184801982465,-2.142878207666,-16.44498942545,18.144049416538,39.26517767881781,38186902.75,2570070203.8472114,65454185,65454185,5,11,5,5,0
0.503156764643,0.881946224872,-15.461704985445,23.504409522275,39.61147543104535,59509907.9,2592736840.986597,65454185,65454185,,,5,5,0
-0.595414160087,-1.563734713646,-11.921158832407,8.014759987266,38.99205703914273,112150585.82,2552193314.9706006,65454185,65454185,5,7,5,5,0
-0.596951019181,-0.1904434962,-11.374873882054,12.448363817063,38.91779920247712,83272150.84,2547332828.79179,65454185,65454185,10,19,5,15,0
16.963370638398,13.922809838306,6.941303281965,34.696921036018,44.33625037869164,138949220.26,2901993134.4932027,65454185,65454185,10,16,5,10,0
-0.502615194526,-1.788811127088,8.279108144836,63.114688484383,43.543158598584036,238251585.72,2850081958.39606,65454185,65454185,5,13,5,5,0
-0.220382372808,0.802652303921,9.389782713302,38.054321480963,43.89265876427547,97829981.37,2872958206.898758,65454185,65454185,5,9,5,10,0
1.733367455989,-0.479774192736,11.248886920442,19.210855543623,43.682073115018845,75259294.92,2859174494.8539696,65454185,65454185,5,6,5,5,0
-2.304555983215,-1.08995388664,9.074348256854,26.384953580581,43.20595866133662,69831101.79,2836577732.010808,65652466,65652466,5,6,5,5,0
1.679100026374,6.679831876209,18.208803434372,15.950783587456,46.092044060418274,89198057.25,3026056355.547113,65652466,65652466,5,9,5,5,0
0.380429326914,-3.314909149038,14.50836272377,11.493447364151,44.564134674881004,99379837.82,2925745336.562046,65652466,65652466,5,9,5,5,0
-0.093561250154,-3.837252053296,-3.342984271327,8.295374002008,42.85409650203561,71385491.16,2813477113.5606117,65652466,65652466,5,9,5,5,0
-0.768826155976,-3.350626848575,-4.880084559895,11.096330568268,41.41821563892408,65634435.21,2719207994.0151315,65652466,65652466,5,9,5,5,0
1.087170619602,-8.703841986841,-13.850651428937,-3.246737567498,37.8132395959429,119369330.44,2482532426.9224954,65652466,65652466,5,7,5,5,0
0.152055353052,0.073235639524,-13.371940328594,-14.689160489384,37.840932363785775,51265007.71,2484350525.4217453,65652466,65652466,5,11,5,5,0
-0.177557533182,-1.833891306903,-14.0235005873,-7.359209193956,37.14697079471532,85343716.67,2438790237.1030407,65652466,65652466,,,5,5,0
-2.638803101189,-8.804635098577,-26.502900323405,-18.284287188443,33.87631556606563,96799759.18,2224063655.9063945,65652466,65652466,,,5,5,0
-0.97641032009,4.730927299395,-20.386697316019,-13.122215491303,35.47897942720997,103580128.55,2329282490.5596023,65652466,65652466,,,5,5,0
-1.765981065808,-3.409774177552,-20.032787655168,-9.945585613826,34.26922634824188,96761347.56,2249859217.674254,65652466,65652466,,,5,5,0
-0.465160221806,-13.180526873825,-28.165998218428,-31.960389093097,29.752361759959996,198324902.16,1953315918.8654737,65652466,65652466,5,19,5,10,0
1.109604531587,-2.206767799253,-23.053944776936,-34.080499410051,29.095796221123845,76818478.87,1910210772.1502616,65652466,65652466,10,36,5,15,0
0.360702958638,-2.458189696214,-25.000351250475,-41.804279037181,28.380566356384715,38438637.16,1863254167.7732913,65652466,65652466,5,21,5,10,0
0.538377510675,-6.110346881617,-28.267595620925,-43.952669634296,26.646415305042126,63216149.27,1749402874.8361578,65652466,65652466,5,12,5,5,0
0.425958463951,-6.010528216721,-26.069808431364,-46.70543364502,25.04482499438802,97376393.46,1644254521.4200096,65652466,65652466,5,18,5,5,0
-2.318899744848,10.294874988837,-22.14218428857,-41.047015032254,27.6231584187333,92958757.41,1813528468.8985019,65652466,65652466,5,14,5,5,0
-3.96027614387,-2.30198556551,-21.249236778931,-39.038658350456,26.987277299196094,100844997.41,1771781305.3180435,65652466,65652466,5,13,5,5,0
1.235526677799,-3.984023528224,-12.907425531371,-40.991962944647,25.91209782196906,59388156.08,1701193121.2454977,65652466,65652466,5,17,5,5,0
0.535593049313,6.413643143038,-5.230270731942,-33.490084232524,27.574007307145042,73843059.28,1810301577.2160914,65652466,65652466,5,15,5,5,0
-1.145880759596,-3.354231488337,-6.100847541905,-33.731449573362,26.649111271452448,36637123.36,1749579871.6792486,65652466,65652466,,,5,5,0
1.828693006483,0.882629928714,0.892836786881,-32.998581614238,26.884324303270557,89294326.79,1765022187.253444,65652466,65652466,,,5,5,0
-0.204234707859,9.242694711614,17.266382697755,-25.203037245529,29.369160323902037,101320781.97,1928157799.6135275,65652466,65652466,5,694,5,5,0
0.231656700912,-4.619844839529,1.408934712071,-29.282233541064,28.012350686265286,75577053.85,1839079901.0101085,65652466,65652466,5,510,5,5,0
0.904697831686,-2.201606672363,1.513126354865,-29.740488230797,27.395628904470716,72480832.45,1798590595.1993809,65652466,65652466,5,544,5,5,0
-0.353881554018,-5.053464027206,0.382457767287,-33.163742077428,26.01120065275631,56779889.17,1707699466.4742615,65652466,65652466,5,552,5,5,0
0.381444209987,4.59501404707,-1.333097240777,-38.63617526475,27.206418976561963,55940282.16,1786168496.8404891,65652466,65652466,5,657,5,5,0
-0.897697099179,-0.054964386739,2.035166795024,-37.552841800268,27.191465135217985,56968190.41,1785186740.2800841,65652466,65652466,5,441,5,5,0
-1.1900252674,4.230906511236,5.421695871585,-35.429041206335,28.341910604124458,61842623.72,1860716322.3123205,65652466,65652466,5,436,5,5,0
-0.903134775521,-1.08409658968,-4.543893633217,-35.821139157024,28.034656917814857,43097109.1,1840544360.1185048,65652466,65652466,5,563,5,5,0
0.685994423806,-3.076256660922,-2.999076295526,-37.109973348816,27.172238917013964,69207419.4,1783924491.643136,65652466,65652466,5,421,5,5,0
0.813003911643,-12.560494484626,-13.27349545673,-48.452554381513,23.75927134649307,78025445.24,1559854754.2604103,65652466,65652466,,,5,5,0
1.810783433882,-8.207461049621,-16.154434021696,-51.061007771909,21.8092384050559,121053401.97,1431830282.8738267,65652466,65652466,5,6,5,5,0
1.795045943019,3.435856599394,-17.083639043023,-47.359588922842,22.558572562073678,67797109.81,1481025918.140075,65652466,65652466,,,5,5,0
-3.145605550741,-1.616857875702,-18.379416502229,-46.415285732154,22.193832504957875,47436530.21,1457079833.9414418,65652466,65652466,,,5,5,0
-1.276668189801,3.68645440496,-18.805763159744,-39.143013751629,23.0119980209664,61549314.01,1510794417.6635637,65652466,65652466,5,11,5,5,0
2.833134502134,-0.725936287716,-18.511770471189,-39.629009779192,22.844945576803777,48333978.81,1499827012.7529604,65652466,65652466,10,22,5,10,0
-0.838881117706,-2.021668694658,-17.625130074391,-39.744490641077,22.38309646376597,41270987.98,1469505479.5621157,65652466,65652466,,,5,5,0
-0.738013704062,7.398046940581,1.177380805742,-29.03889326444,24.039008446910874,73127162.99,1578220184.734529,65652466,65652466,,,5,5,0
-0.367736548952,-7.680621487721,1.758084287609,-37.448417183945,22.19266319870245,174754863.17,1457003066.102264,65652466,65652466,,,5,5,0
-1.817933181552,8.78770385802,7.023122373453,-29.549361653299,24.14288871881224,72614909.51,1585040180.7536042,65652466,65652466,,,5,5,0
-0.046801575119,0.741920458441,9.589047966558,-18.251835112439,24.32200974947586,44776315.38,1596799918.1291325,65652466,65652466,,,5,5,0
-1.012220071225,3.848420384942,9.760234238198,-13.190129808633,25.258022930702197,51273097.71,1658251491.6851463,65652466,65652466,5,7,5,5,0
2.07127688057,11.594543681898,23.382108037089,-0.683534364193,28.186575432586256,114503005.71,1850518185.2443044,65652466,65652466,,,5,5,0
0.667032216191,13.313022905699,42.692771431164,19.86250424542,31.93906067625848,163904392.94,2096878095.119997,65652466,65652466,5,7,5,5,0
-1.060288531873,-3.380578623376,28.371915533377,23.216415468843,30.859335618529784,80934570.44,2025991482.4781156,65652466,65652466,5,10,5,5,0
7.494988000776,4.556507773635,45.387884977981,16.805772735237,32.26544364488019,60689890.31,2118305941.870413,65652466,65652466,,,5,5,0
2.195533285285,4.410938312828,39.538614673587,24.831608935295,33.68865246041623,99544624.95,2211743110.243293,65652466,65652466,5,10,5,5,0
-1.890439677454,0.528921230099,39.243587369023,30.698946600535,33.866838895413785,68739050.42,2223441489.108631,65652466,65652466,5,6,5,5,0
-1.375379519035,-5.470692284998,26.748195773768,16.102414843758,32.01408835278961,78317079.02,2101803847.1025157,65652466,65652466,,,5,5,0
-0.039720781878,-4.079237357474,8.946039842593,15.231451391565,30.708157701047877,46601068.91,2016066279.390684,65652466,65652466,,,5,5,0
0.801892623585,3.874054738031,-0.129158891833,18.648355002721,31.897808539427245,40371153.67,2094169790.609257,65652466,65652466,5,249,5,5,0
-0.180938853133,-9.736640558379,-6.699113902326,-1.965077454016,28.79203357594327,50285668.82,1890268005.4154742,65652466,65652466,,,5,5,0
1.755657478127,7.429772377883,-4.135159354898,10.419923268936,30.931216133599527,47116855.91,2030710615.5497944,65652466,65652466,,,5,5,0
0.249529629565,5.353795865842,-3.269475255787,18.950400510414,32.587210304214686,41016059.71,2139430716.5323043,65652466,65652466,,,5,5,0
-0.661364618735,-5.968459466293,-9.521358162064,17.804080922981,30.64225586601211,40823379.94,2011739661.4066606,65652466,65652466,5,10,5,5,0
-1.329422134533,5.140133130841,0.63478383888,18.418041858331,32.217308611817955,47210375.52,2115145758.2488856,65652466,65652466,5,6,5,5,0
-1.682182310896,-6.848632626412,-2.270713225323,10.368688680947,30.010863502877115,37921491.04,1970287195.7532806,65652466,65652466,,,5,5,0
0.186187843818,0.263043170911,-5.668111987504,6.167172178837,30.089805029852833,51491858.97,1975469901.669042,65652466,65652466,,,5,5,0
-1.117342621106,-5.650113004978,-1.3973883859,1.266432922346,28.38969704268872,59614380.54,1863853619.8454218,65652466,65652466,5,7,5,5,0
0.488388071193,-8.673907143568,-16.177880071447,-4.582021518178,25.927201082865757,88274400.26,1702184687.5680072,65652466,65652466,5,7,5,5,0
-0.091762430659,-6.049483667428,-25.250615009576,2.523090597777,24.358739287936686,57248892.43,1599211302.9041276,65652466,65652466,5,12,5,5,0
-1.568058883824,-8.216269425384,-27.037487914813,2.513252522518,22.35735963941304,51136054.95,1467815793.5763369,65652466,65652466,5,6,5,5,0
12.611558362904,-15.082105685669,-41.070809921387,-15.839537373963,18.98539903007156,175771334.59,1246438264.318206,65652466,65652466,5,12,5,5,0
5.50513153803,11.288573764631,-29.596894797562,-4.799769037768,21.128579804090734,97680241.1,1387143367.2163537,65652466,65652466,5,12,5,5,0
-1.402106619419,-3.202858163612,-32.030595277406,-11.12522544828,20.451861360980235,50997638.82,1342715132.6384685,65652466,65652466,5,10,5,5,0
-0.492732797874,2.008293863436,-26.513499575988,-8.677415021577,20.862594837651145,44979353.11,1369680798.2506673,65652466,65652466,,,5,5,0
0.987612724059,4.10512319152,-16.23071851347,-2.966821003325,21.719030056684492,56718585.16,1425907882.3494568,65652466,65652466,,,5,5,0
-0.211683656485,-0.864328377079,-11.607468423699,-10.431803523722,21.531306316678222,25126515.36,1413583355.891302,65652466,65652466,,,5,5,0
-0.112810767954,-3.068463389784,-6.649862051615,-5.957090962256,20.87062606500866,26287421.31,1370208068.131695,65652466,65652466,,,5,5,0
0.198443949112,0.144925085189,10.089194356712,-13.428450584181,20.90087283761282,40592092.22,1372193843.3416991,65652466,65652466,5,24,5,5,0
2.443247552701,2.792168760519,1.684356823173,-11.666590462889,21.484460479660537,31064573.82,1410507811.1692572,65652466,65652466,5,21,5,5,0
-3.30110223752,-0.619569132169,4.3980741775,-15.467059900551,21.351349394315577,43243163.62,1401768740.164424,65652466,65652466,5,24,5,5,0
2.211381125774,3.582714628951,6.009379392397,-21.536025667823,22.11630731254421,30595807.82,1451990113.88236,65652466,65652466,5,18,5,5,0
0.698189995685,-5.865523554592,-4.143647099408,-34.816273062167,20.819070097721045,50703323.78,1366823291.7422476,65652466,65652466,5,26,5,10,0
-0.681352778176,1.478013364397,-1.878787912911,-31.538452424028,21.126778736108573,36042068.55,1387025122.661891,65652466,65652466,5,15,5,5,0
-1.029554634832,1.958925709271,3.210304133739,-33.239298137688,21.540636636310914,24846761.99,1414195914.3837566,65652466,65652466,5,17,5,5,0
-1.006732993728,-2.644136957751,0.335870492147,-37.750336773737,20.971072702075432,27609446.13,1376802637.5565355,65652466,65652466,5,15,5,5,0
1.513673072564,9.912078341127,7.285644333965,-31.940084728719,23.049741857279802,47637828.84,1513272393.593839,65652466,65652466,5,20,5,5,0
0.429948531932,1.413893495215,9.480858686557,-26.983269364199,23.375640658063777,51935375.01,1534668453.5317497,65652466,65652466,,,5,5,0
0.015410277693,3.836428741074,9.749019633638,-20.957711983316,24.272430454679835,40826246.54,1593544915.1632323,65652466,65652466,5,126,5,5,0
0.072249272375,2.74517160044,19.788012649941,-21.816728282657,24.93875032225818,35429461.41,1637290457.6145442,65652466,65652466,5,131,5,5,0
-0.211879552374,5.931738061255,25.045336996751,-8.245273480099,26.418051667124956,40164694.17,1734410238.8621645,65652466,65652466,5,120,5,5,0
2.074747267571,-1.300644440322,21.047707118004,-15.701837799545,26.074446746875154,49848724.99,1711851728.5180316,65652466,65652466,5,101,5,5,0
-0.530559285609,-3.398833415896,20.109352991464,-22.705197828565,25.188219737832355,35080745.31,1653668739.9385676,65652466,65652466,5,108,5,5,0
-0.208241186088,-2.858578931103,6.153876892807,-20.148847061791,24.4681945952867,37863690.56,1606397313.7484438,65652466,65652466,5,84,5,5,0
-1.233096436318,-1.476039426446,3.128871412577,-25.17365529634,24.107034396120707,47573742.69,1582686256.0521452,65652466,65652466,5,116,5,5,0
0.392487476318,-4.253267864342,-4.905700761193,-23.08885864983,23.081697649104516,40613858.08,1515370370.130114,65652466,65652466,10,69,5,10,0
-1.477285658011,-4.732409668982,-11.826467350422,-26.920838682813,21.989377157793143,34058503.62,1443656836.213191,65652466,65652466,5,90,5,5,0
-0.56881184231,-1.262533548707,-17.814704249963,-23.52241779341,21.71175389402422,26930137.09,1425430184.3277926,65652466,65652466,5,2,5,10,0
-0.528127531841,-3.082226926858,-19.298198065387,-18.839876691836,21.04254836920944,19737754.16,1381495191.3628783,65652466,65652466,,,5,5,0
-1.592552156755,-0.192395230111,-16.619500193146,-13.780170387331,21.002063509853215,26421254.43,1378837260.510479,65652466,65652466,,,5,5,0
-3.418165859843,1.065683906883,-13.251143078289,-5.060886155033,21.225879120791006,21551975.22,1393531307.2978415,65652466,65652466,,,5,5,0
0.540144892973,-3.193921790198,-14.763712513317,8.230230556885,20.54794114239098,29878771.68,1349023007.220825,65652466,65652466,5,6,5,5,0
0.750768351351,4.481957676385,-6.987382409481,1.610668425546,21.468891167761484,22520507.92,1409485647.449161,65652466,65652466,5,11,5,5,0
-2.712478685881,-1.744293746044,-4.069994841571,3.141764309155,21.094410641777284,23834868.41,1384900077.4493213,65652466,65652466,5,12,5,10,0
-0.294239762775,-2.112568114048,-4.895859866963,-1.024886839831,20.648776848712828,31243350.95,1355643120.0017061,65652466,65652466,25,34,5,15,0
-0.039534466469,-3.711052589988,-5.512918246342,-8.455903284923,19.88248988066789,30885653.98,1305334490.8858926,65652466,65652466,5,10,5,10,0
-0.781062334527,0.848107388906,-4.527882524318,-6.874601793609,20.051114746444416,37285761.42,1316405129.1530406,65652466,65652466,,,5,5,0
-0.296720977567,0.711594811021,-4.862374257319,-3.242972320851,20.193797438532066,38044943.67,1325772599.7441134,65652466,65652466,,,5,5,0
-2.614850514842,-4.871973156049,-6.51150441292,-8.090149165589,19.20996104813996,57962892.84,1261181314.574333,65652466,65652466,,,5,5,0
2.217698875349,4.845275555708,-6.186414390555,-6.254399014888,20.140736595066556,53576230.23,1322289024.522563,65652466,65652466,5,26,5,5,0
0.68105656631,-1.53219640954,-5.983905931818,-7.115280697987,19.832140952101977,30105599.22,1302028959.5650826,65652466,65652466,5,40,5,5,0
-0.532878452957,0.583548754932,-3.394417452151,-9.804693515042,19.94787116370437,43648553.73,1309626933.3474815,65652466,65652466,5,22,5,5,0
-1.676205980205,-1.218307600242,-0.893475356978,-5.351945880679,19.704844733230438,30258558.29,1293671648.8836904,65652466,65652466,5,46,5,5,0
-0.984606814244,-4.551956232144,-6.200283309949,-10.976069469519,18.807888825361804,38847478.41,1234784281.6388457,65652466,65652466,5,33,5,5,0
0.011997102941,-0.140173335653,-6.993594258838,-12.808866806798,18.781525180229416,30080695.43,1233053443.3231556,65652466,65652466,5,35,5,5,0
-0.511443646305,-3.960830638543,-6.102772768236,-13.988087148636,18.03762077650526,49731090.67,1184214284.7504053,65652466,65652466,5,37,5,5,0
-0.752228202072,12.549885974153,0.797314540023,-11.923865602881,20.30132161640677,65550891.51,1332831827.1762106,65652466,65652466,5,32,5,5,0
-0.927853006766,-1.152488634338,1.186005286183,-14.152722119149,20.06735119215726,68460439.13,1317471091.853164,65652466,65652466,5,36,5,5,0
1.063856094269,0.339411015313,0.940405255985,-17.043898713889,20.13546199258494,33197390.17,1321942733.862475,65652466,65652466,5,35,5,5,0
-1.375276272552,-3.135920760119,-1.019114213461,-21.792272636829,19.5040298598136,39171322.55,1280487657.2343972,65652466,65652466,,,5,5,0
6.394320437655,17.298450926678,21.64004746236,-13.400408243172,22.877924893837996,97031229,1501992186.2432525,65652466,65652466,5,,,,0
-2.516656130472,-1.28444699716,20.246198633005,-13.386196478999,22.584070074526558,121709784.46,1482699892.7094724,65652466,65652466,5,13,5,5,0
0.960955123985,-0.526413393257,24.546273498407,-10.810749077398,22.46518450491167,82932299.53,1474894761.89244,65652466,65652466,5,8,5,5,0
0.930268960023,3.033793424413,14.015886416467,-5.400736842012,23.14673179520392,111781391.14,1519640022.1957443,65652466,65652466,,,5,5,0
-0.083780735826,2.533929759986,18.267994083356,-1.550504592776,23.733253720626813,103417096.42,1558146632.9628253,65652466,65652466,1,10,1,1,0
0.830520688768,-5.290626875621,11.631984550946,-2.61714643985,22.47761582082411,72436818.81,1475710908.437717,65652466,65652466,,,1,1,0
1.316975117667,-2.45405490687,12.41780772702,-0.288204483977,21.926002786825876,49324404.8,1439496152.477991,65652466,65652466,1,293,1,1,0
-3.248760549146,5.230517441809,0.852006001195,6.268919127868,23.072846186882362,142097837.69,1514789249.807524,65652466,65652466,1,12,1,1,0
-3.505309157186,-5.307826648968,-3.258449711671,3.828581619273,21.848179508299626,94184062.04,1434386862.330538,65652466,65652466,1,3,1,1,0
1.364982575197,-11.262340900358,-13.699515589049,-7.687342044,19.38756305155274,119685826.32,1272841324.0649223,65652466,65652466,1,13,1,1,0
2.721642248584,-6.551768170882,-21.728324211259,-14.645067168571,18.11733486643146,68836854.38,1189447711.329006,65652466,65652466,,,1,1,0
-0.854212523762,2.197777654825,-21.984933790669,-9.891149310441,18.51551360377562,42839275.77,1215589127.3444164,65652466,65652466,1,12,1,1,0
-1.410258536677,0.536300095602,-17.185112205324,-13.294020750887,18.614812320933872,33927991.12,1222108332.9964921,65652466,65652466,1,6,1,1,0
0.706574337138,3.844014892633,-11.838155514599,-8.362604639437,19.33036847878618,24277403.48,1269086359.3209815,65652466,65652466,1,13,1,1,0
2.229053587999,2.231536972378,-14.350693285849,-4.295867289984,19.76173279828726,46978386.59,1297406490.640639,65652466,65652466,1,9,1,1,0
0.504090885648,-6.940450003652,-15.827405177714,-7.50565083175,18.39017961356687,39359478.41,1207360641.813592,65652466,65652466,1,9,1,1,0
-0.151824026309,1.01289555412,-4.183662093728,-7.354512902773,18.576452925267397,37420193.94,1219589944.0767183,65652466,65652466,1,10,1,1,0
-0.943733783509,-3.659036405607,-1.217624546857,-11.375095227446,17.896733749861443,31211950.51,1174964704.023831,65652466,65652466,,,1,1,0
1.567016127438,6.115048508692,2.568732936818,-1.13916601629,18.99112770013691,33612466.07,1246814365.6348968,65652466,65652466,1,9,1,1,0
-0.036402904219,2.561224758044,4.634593294935,-3.292845955815,19.47753316462461,44077333.02,1278748083.8543897,65652466,65652466,3,6803,1,2,0
-0.415300349054,-2.6168202111,-1.875429012308,-4.358076185725,18.96784114014892,28963689.28,1245285545.5470283,65652466,65652466,2,5870,1,2,0
1.382083282585,3.342835705952,-0.808774683317,-1.734351773356,19.601904906429983,39310512.28,1286913395.4046276,65652466,65652466,1,3702,1,1,0
3.101978243093,3.334544011954,10.143236653183,2.794715345091,20.255539052716358,63679919.7,1329826088.9701328,65652466,65652466,,,1,1,0
0.889076256019,-3.720576572005,4.981916034474,3.690086608179,19.501916212187744,57871415.21,1280348891.0555046,65652466,65652466,,,1,1,0
-0.673228284073,-5.367002097887,3.120760569477,-1.737224304986,18.45524795995148,27582411.5,1211632539.2122838,65652466,65652466,,,1,1,0
0.561095503504,1.741222566274,-1.129647493463,4.096849217216,18.776594902091944,24240625.44,1232729758.4053648,65652466,65652466,,,1,1,0
0.194775925873,-0.246849309907,-3.836667360062,-7.738789813491,18.73024500715216,22650431.93,1229686773.503727,65652466,65652466,,,1,1,0
1.192557936702,3.157683453807,1.865503363494,-3.715808481232,19.321686854600546,23311783,1268516389.2843094,65652466,65652466,,,1,1,0
-0.412526981375,-3.83933267788,-5.213992691193,-7.725668156428,18.579863017274153,37111214.8,1219813825.0262487,65652466,65652466,,,1,1,0
0.523961978582,-1.037850740965,-9.224673194697,-5.727011784554,18.387031771279073,30108075.66,1207153978.2048192,65652466,65652466,1,12,1,1,0
0.299680525417,-1.966949319775,-7.57129720585,-21.210650622504,18.02536817492715,23158635.56,1183409871.2418866,65652466,65652466,,,1,1,0
-0.435332797097,0.304065840364,-2.03232597372,-19.942786652348,18.080177162146963,26952969.46,1187008216.41183,65652466,65652466,,,1,1,0
0.626448733116,1.717340119902,-2.055322627998,-18.136994181904,18.390675298301797,27384967.42,1207393184.7387986,65652466,65652466,1,12,1,1,0
-1.500986960042,-13.050468482383,-14.626818769891,-30.916355033272,15.990606014799482,67293151.48,1049822717.7060184,65652466,65652466,2,39,1,2,0
0.339320680865,0.171499510462,-17.098181197255,-32.508074896139,16.01802982583478,35754096.53,1051623158.5276039,65652466,65652466,1,10,1,2,0
-0.701233508041,-1.652005457292,-15.212447560485,-29.91511544402,15.753411098961372,35059595.47,1034250286.5585841,65652466,65652466,,,1,1,0
-0.222379384395,5.123401409826,-9.933687006681,-24.470858887004,16.560521585301178,45967206.02,1087239080.3212516,65652466,65652466,1,29,1,1,0
1.356459947884,0.718114501252,-7.466827138162,-27.709633405475,16.679445092288148,43525254.78,1095046701.8203144,65652466,65652466,1,14,1,2,0
-1.1109691967,-4.326705962003,-11.738837490704,-26.9606214056,15.957774547051168,33428631.35,1047667250.8859422,65652466,65652466,2,12,1,2,0
1.493690450877,-0.852637245339,-13.96883278562,-18.392463376316,15.821712617735734,36206525.39,1038734449.6976663,65652466,65652466,2,14,1,2,0
-1.339302398045,-9.147974106213,-10.107556705466,-20.659707676214,14.374346444305909,42052936,943711291.2070146,65652466,65652466,1,5,1,2,0
-1.242647965817,-5.571525967989,-15.261264044217,-26.691334143359,13.573475999432722,35554665.19,891132171.5545728,65652466,65652466,1,10,1,1,1
-1.228364164168,1.375708158146,-12.652521224383,-26.079257857322,13.760207416100899,40532786.09,903391549.5385121,65652466,65652466,1,6,1,1,1
0.589754693875,-0.813702928755,-17.585686326044,-29.394826485944,13.648240205353376,48212713.87,896040626.0417956,65652466,65652466,1,9,1,1,1
0.055304059554,10.793918004138,-9.340988393442,-23.481304921613,15.121420062126989,114648820.63,992758516.50051,65652466,65652466,1,11,1,1,1
-0.677495702357,7.210813926155,1.591844639734,-11.845355149009,16.211797525799174,86688167.33,1064344485.8614144,65652466,65652466,,,1,1,1
3.272512264247,16.22165103392,19.087100126184,1.42742978199,18.841618746760066,129785004.87,1236998734.156628,65652466,65652466,,,1,1,1
-1.021838381699,-4.011109148569,25.82040459053,1.056768828615,18.085860853470226,99333095.56,1187381364.763185,65652466,65652466,,,1,1,1
1.857842966793,8.382745141913,44.413652599797,3.21636916483,19.60195247553763,77115682.47,1286916518.43385,65652466,65652466,1,9,1,1,1
-0.595020041986,-2.596976589594,38.754408137074,-1.974781933262,19.092894358644568,204573867.81,1253495597.7225044,65652466,65652466,1,9,1,1,1
0.139563656059,-6.366173756129,30.986905708817,-5.748854618683,17.877407528699056,299499375.82,1173695889.9460588,65652466,65652466,2,30,1,3,1
3.46820453317,-0.200535794355,17.988633701058,-8.980494433228,17.84155692750137,204464025.28,1171342209.569848,65652466,65652466,4,48,1,3,1
-0.225034346455,-4.309821847627,5.309837369447,-15.713832326799,17.07261760908314,169379970.03,1120859447.111332,65652466,65652466,2,14,1,2,1
-0.243765321429,-1.133009335657,-10.415429350338,-13.448591030339,16.879183257731192,136811679.45,1108160004.9359663,65652466,65652466,1,6,1,2,1
-0.2415903456,9.161675661911,1.878475298833,-0.160651744327,18.42559928218403,148429438.1,1209686030.4032116,65652466,65652466,,,1,1,1
-0.343771801347,-2.256857021823,-8.122622614015,-4.083994223231,18.009759850971058,162102214.89,1182385146.2840424,65652466,65652466,,,1,1,1
1.998279837736,3.138134953375,-2.712862330047,-0.829218129392,18.57493041987329,143057950.06,1219489987.843097,65652466,65652466,,,1,1,1
-1.31912459516,-0.164440465873,3.730844016313,-4.022946561004,18.54438571775535,177016922.73,1217484652.8258188,65652466,65652466,,,1,1,1
2.057645126523,-1.295459106605,2.592788614744,-1.483930386392,18.30415078421073,153109204.16,1201712637.0192683,65652466,65652466,1,1,1,1,1
1.784286084127,1.493426390875,8.814654132263,1.035936815349,18.577509802647608,158080437.7,1219659330.682989,65652466,65652466,,,1,1,1
-1.918751996935,-6.139433170818,3.304500799974,-3.264355910542,17.43695600351195,141111416.07,1144779161.1640642,65652466,65652466,,,1,1,1
2.084998747198,26.865660301279,20.058561089454,22.352282125935,22.12150937029898,329145779.53,1452331641.8022351,65652466,65652466,,,1,1,1
-0.888919423645,-6.908365344739,14.345082075694,11.97671835971,20.59327468322816,362514915.3,1351999265.9692974,65652466,65652466,,,1,1,1
1.190080716456,7.867848466695,19.588724304822,38.916075532572,22.213522329634795,271052580.57,1458372519.4865892,65652466,65652466,,,1,1,1
-0.506679046431,-13.600904802608,3.493761380834,19.816747208953,19.192282304275125,309851332.6,1260020661.4438243,65652466,65652466,,,1,1,1
1.108700488833,5.368158256841,10.480702600594,28.369368795318,20.222554391468222,197021083.58,1327660564.619018,65652466,65652466,,,1,1,1
0.163700089763,3.063349761636,12.189643200972,25.853777345485,20.842041963215923,224531426.22,1368331451.3606067,65652466,65652466,,,1,1,1
0.216508452503,5.340256775121,25.91108515046,31.629442105249,21.95506052123022,203657291.34,1441403864.3980093,65652466,65652466,,,1,1,1
0.84785747682,12.297851398806,11.452888796782,54.501877225763,24.65506123864907,327443071.04,1618665569.6983259,65652466,65652466,,,1,1,1
-1.222131446534,1.941756925125,22.048595885112,58.856396933097,25.133802597644234,301954910.42,1650096120.4925497,65652466,65652466,,,1,1,1
-2.661037917983,0.988672506271,14.265055388561,76.580505361079,25.382293593707637,400404343.03,1666410167.1629083,65652466,65652466,,,1,1,1
-0.869938832562,4.844976996215,38.660214858899,96.05928415497,26.612059879434423,431199580.26,1747147356.4245324,65652466,65652466,,,1,1,1
-1.423141642646,1.166620693745,33.131162146253,95.654911753129,26.92252167701967,408120020.11,1767529939.034797,65652466,65652466,,,1,1,1
1.127043836851,1.198051023299,30.721679150027,99.623298048216,27.245067223469007,347677119.59,1788705849.5565133,65652466,65652466,,,1,1,1
0.791557912128,-3.391714614161,19.885765158154,74.064288860913,26.32099229681271,322086359.5,1728038051.8527584,65652466,65652466,2,17,1,2,1
-0.69622241894,5.763524097384,12.909916390195,71.71451213975,27.838009030510154,244019496.46,1827633941.3832607,65652466,65652466,1,6,1,1,1
-0.530342996418,-4.43264096532,5.849681658548,41.198324814151,26.604050038294258,169070425.7,1746621490.6014125,65652466,65652466,,,1,1,0
0.18212008596,-6.361492832226,-1.854278022369,37.740943070711,24.91163530202638,219260428.29,1635510289.6706867,65652466,65652466,,,1,1,0
1.930751572,-11.535682604115,-17.188266440357,12.427107195532,22.037908122089892,419833477.35,1446843013.6966305,65652466,65652466,,,1,1,0
0.575379686294,3.474723395608,-15.298927993898,19.435346172049,22.80366447151072,292391282.68,1497116806.3912656,65652466,65652466,1,9,1,2,0
-1.460164669041,2.53584611685,-14.179215930252,30.790385988435,23.381930311511066,239415104.68,1535081384.7908497,65652466,65652466,1,7,1,2,0
-0.095829107523,-0.584864928595,-11.685785477376,30.286710380414,23.245177601490433,228410079.71,1526103232.1458123,65652466,65652466,1,9,1,2,0
0.828534571452,-5.458937452425,-21.056718275239,28.722135051089,21.97623789551995,125336403.12,1442794211.243535,65652466,65652466,2,15,1,2,0
3.39579747179,2.079070410798,-15.677728305571,32.904175589996,22.433139355012322,99527585.43,1472790918.7782085,65652466,65652466,1,11,1,2,0
-0.215158932308,-5.018174805665,-14.468059003553,15.640229017581,21.307405207779357,141616753.6,1398883695.9519572,65652466,65652466,,,1,1,0
-1.209781594341,-0.297604311617,-3.602495602143,17.958227244445,21.243993451187293,123082358.85,1394720557.7582965,65652466,65652466,1,3,1,2,0
0.357130347532,-6.425730555725,-12.825801758426,7.020113795256,19.878911672738063,204223219.15,1305099572.711439,65652466,65652466,1,9,2,2,0
0.60727172877,-8.48143931938,-22.192506779882,-1.895408568628,18.192893841861597,334178127.21,1194408344.3944278,65652466,65652466,,,1,1,0
4.038604277806,-11.096489658681,-30.419455013983,-11.636866147123,16.174121258084618,308596728,1061870945.9762776,65652466,65652466,,,1,1,0
1.412960032176,3.016996699659,-24.181317831308,-10.310401449686,16.662093962639926,139757158.85,1093907557.371023,65652466,65652466,1,4,1,2,0
-1.115618765591,-1.332751822106,-26.715430499572,-5.717319018063,16.44002960175181,111534190.17,1079328484.4680042,65652466,65652466,2,23,1,3,0
-0.836898015225,-1.92100936989,-24.32576873883,-27.110692029277,16.124215092689507,89941156.42,1058594483.1494848,65652466,65652466,3,21,1,4,0
2.192236347618,9.599391207539,-16.813937929386,-14.185374349547,17.672041578581844,119284852.57,1160213108.8884308,65652466,65652466,2,18,1,3,0
0.213000601106,-2.154755175929,-13.017107613148,-22.158890015804,17.291252347975043,113812718.18,1135213356.8728516,65652466,65652466,1,11,1,2,0
0.219451976735,-2.802243860549,-7.61937360416,-12.429855792095,16.80670929064196,90216692.38,1103401910.2757554,65652466,65652466,,,1,1,0
0.901589190893,1.643070523673,5.61844507291,-15.525729112623,17.08285537699594,88732965.62,1121531581.8211432,65652466,65652466,,,1,1,0
4.073249930981,1.72564984325,4.294488333797,-16.622154035092,17.377645644031713,79130881.74,1140885289.80484,65652466,65652466,1,11,1,2,0
-0.233090710682,-4.331082373539,1.125155485338,-24.277113786451,16.625005496607066,61061676.58,1091472608.1158085,65652466,65652466,,,1,1,0
-1.350063221521,-4.315341501578,-1.343540486603,-35.479455594149,15.907579734772328,71130209.66,1044371837.6794293,65652466,65652466,,,1,1,0
2.547940530236,5.627659277159,-4.918715549808,-33.146589911299,16.802804121487647,98716272.61,1103145526.2906275,65652466,65652466,,,1,1,0
0.300208873437,0.401964099303,-2.434219209646,-33.534984537747,16.870345361732273,68147736.47,1107579775.2693858,65652466,65652466,2,1044,1,2,0
,,,,18.091241756814092,74894987,1187734634.3370175,65652466,65652466,2,951,1,2,0
1.601887943719,4.709144357794,8.907377247042,-30.896184342673,18.60448974999161,84862404.94,1221430630.7586727,65652466,65652466,2,569,1,2,0
-0.173344243853,5.568330157845,13.02134688308,-27.911907860755,19.64044916345353,82381078.97,1289443920.9283612,65652466,65652466,3,1008,1,3,0
-2.193329888597,-4.379919597755,12.963651562637,-28.649296083983,18.780213281456405,63607542.54,1232967313.9335651,65652466,65652466,2,538,1,2,0
0.039891944571,1.744765776944,20.11810931779,-31.360450401872,19.10788401562836,71649297.84,1254479705.6679845,65652466,65652466,3,892,1,3,0
-0.277118801511,-2.946570611196,10.36763022838,-30.293106898729,18.544856720802404,80958234.68,1217515575.3373513,65652466,65652466,3,1019,1,3,0
-0.070062202065,-13.935262098465,-5.392675794428,-35.931213918841,15.960582330973788,108735675.34,1047851588.8244573,65652466,65652466,2,615,1,2,0
-1.661621836966,-4.364812335429,-15.628053232798,-30.737832374911,15.263932864585097,96482669.65,1002114833.4184557,65652466,65652466,3,593,1,3,0
-0.215498337017,5.004759165204,-13.849526867012,-29.713682800324,16.027855943595956,95572815.62,1052268267.3898314,65652466,65652466,,,1,1,0
-0.56079197094,-1.927154624136,-19.966319274008,-32.772982524498,15.718974376629149,54361862.69,1031989430.8165164,65652466,65652466,1,11,1,2,0
0.751222674736,0.553211555335,-15.837305346966,-32.00338655082,15.805933559260737,53455650.11,1037698515.5976245,65652466,65652466,2,15,1,3,0
-1.107514229931,-9.034433856356,-24.753798302785,-34.574984968648,14.377956946469675,60665103.97,943948329.5775641,65652466,65652466,3,19,1,4,0
1.407184682564,7.683915413159,-16.51190823702,-30.982700408726,15.482746996376752,48491276,1016480520.7662269,65652466,65652466,2,20,1,3,0
5.395697705448,4.338454119966,1.214720969015,-24.183828515041,16.154458871325016,48611331.85,1060580061.798064,65652466,65652466,4,21,1,5,0
1.528613097034,5.984657452416,12.167997920047,-19.406641047009,17.12124789806519,61695285.86,1124052145.5052962,65652466,65652466,2,11,1,3,0
0.399977854494,3.33416504484,10.38343882665,-11.000668185544,17.692098560722812,59634831.77,1161529899.2265034,65652466,65652466,2,18,1,3,0
0.523765900496,-6.004519172851,5.79426311229,-8.591930150773,16.62977311056448,50868405.2,1091785613.7290487,65652466,65652466,1,14,1,2,0
2.841919373443,-1.808439091137,3.309518110042,0.957780223786,16.329033792865683,69111835.68,1072041335.8989654,65652466,65652466,1,14,1,2,0
-1.104145894761,-5.812578546416,6.968576516436,-7.695299808837,15.37989587778462,99353084.24,1009728091.1997949,65652466,65652466,1,7,1,2,0
0.084180699856,-4.428408976785,-5.063286304734,-10.591333810334,14.698811188112549,61701256.47,965013201.7679787,65652466,65652466,,,1,1,0
-0.403180973109,3.174579178178,-6.122286680556,-5.946202650163,15.165436587530063,36870707.4,995648309.9379735,65652466,65652466,1,8,1,2,0
1.368360718533,-1.323026479097,-12.595192039142,-15.319382996793,14.96479384580635,26010066.71,982475619.1588106,65652466,65652466,1,2,1,2,0
0.048668836586,0.702345408659,-14.821306604331,-12.846692159562,15.069898388297702,34313085.13,989375991.5611696,65652466,65652466,1,3,1,2,0
-0.954289383339,-4.106037178334,-13.100902449735,-14.015751044236,14.451122757737117,24761179.27,948751845.5141623,65652466,65652466,1,3,1,2,0
0.003819029661,1.710680225421,-9.98649740362,-13.958557087019,14.698335257104986,22042495.43,964981955.7236863,65652466,65652466,2,355,1,3,0
-2.170790464522,-12.977194018574,-16.833612691971,-26.394495345905,12.790903773289974,59966516.28,839754375.0851917,65652466,65652466,3,57,1,4,0
-0.824188236528,2.546166571539,-10.764337867194,-21.103295321977,13.116581489363249,34827269.04,861135920.2666501,65652466,65652466,1,19,1,2,0
0.028073914206,-3.495534379102,-16.533317053016,-20.427324048735,12.658086874039562,25315380.86,831034618.1229286,65652466,65652466,3,41,1,4,0
0.170177250868,12.652547465495,-4.711969500355,-15.135252301338,14.25965732400095,38516073.26,936181667.6356233,65652466,65652466,4,41,1,5,0
0.697409071579,13.880299811951,7.75746520852,-3.742690712399,16.238940512729158,113494304.61,1066126489.8879737,65652466,65652466,2,13,1,3,0
-2.244362758975,-6.439129961304,5.135734319613,-16.018511979405,15.19329402877564,50190315.96,997477219.6521957,65652466,65652466,2,7,1,3,0
1.375166150581,-8.936632254655,-5.870120853532,-25.633406774503,13.835525214055556,51077245.17,908336348.7079251,65652466,65652466,2,8,1,3,0
-2.455644371042,-27.118368821046,-21.166192499738,-48.65923699473,10.083556458179117,166343018.27,662010347.5296849,65652466,65652466,2,12,1,3,0
-1.800372005328,3.145177949607,-20.705694079877,-44.618827823923,10.400702252437926,101211489.45,682831751.0043043,65652466,65652466,1,4,1,2,0
0.034557465254,4.265203372718,-14.328970375959,-43.246916577337,10.844313355695219,69098956.94,711955913.8781263,65652466,65652466,3,13,1,4,0
-0.204346294206,-7.473337355238,-29.634485550528,-45.893994298108,10.033881234765019,44943816.67,658749046.6134484,65652466,65652466,1,1,1,2,0
0.534303961623,-1.155521613293,-38.924971363305,-37.859801335707,9.917937568445119,51293110.01,651137059.0024658,65652466,65652466,2,11,1,3,0
1.806330688537,-5.176827561266,-38.100960693047,-38.38741871885,9.40450304289273,51727435.79,617428816.2704115,65652466,65652466,,,1,1,0
-1.252445029699,-2.654083871865,-33.830487077558,-42.881320641891,9.154899644402217,43664562.64,601041737.6375287,65652466,65652466,1,3,1,2,0
1.488809331583,0.507414052757,-8.74893268188,-41.46340167464,9.201352891713674,47367641.04,604091507.8772336,65652466,65652466,1,8,1,2,0
-0.787092231701,2.825930588983,-9.031366266993,-40.140348545642,9.461376737680862,44958763.22,621162714.5837837,65652466,65652466,3,54,1,4,0
-3.389446741425,-6.180387358811,-18.144868055165,-38.262250757433,8.87662700581571,49325275.3,582772452.6939977,65652466,65652466,2,60,1,3,0
-1.404109458465,-1.022750897844,-12.43825776037,-43.253989582911,8.785841223415504,55912839.44,576812142.2016848,65652466,65652466,2,94,1,3,0
1.157656143623,5.889649486663,-6.197267206755,-42.410349055744,9.303296475929423,36889335.22,610784355.5738763,65652466,65652466,2,67,1,3,0
-1.533001184515,-0.641021967319,-1.710273688309,-46.010592470433,9.243660301833913,37831057.51,606869093.6817007,65652466,65652466,1,91,1,2,0
-1.361342548625,0.512537327337,1.487049254266,-47.484819398872,9.29103751129307,24953230.04,609979524.3148929,65652466,65652466,2,96,1,3,0
1.82342313577,4.207729877011,5.223431667958,-41.779246125798,9.681979272540008,33392779.67,635645815.0031376,65652466,65652466,1,75,1,2,0
0.374607408956,-7.1198306747,-4.95422609522,-44.928531250241,8.992638742375565,49312625.67,590388909.2840946,65652466,65652466,2,168,1,3,0
0.634604172471,1.794642717147,3.125032432336,-40.480582239393,9.154024478644958,51431167.78,600984280.8474058,65652466,65652466,2,199,1,3,0
1.476036295826,6.599087637115,11.066275023352,-33.612953786321,9.75810657631368,40867852.57,640643760.2258102,65652466,65652466,3,175,1,4,0
-0.087340078802,4.412939675528,9.517373324194,-32.816138367042,10.18872593300018,79052258.23,668914982.8996125,65652466,65652466,2,7655,1,3,0
